Serial No,Query,Reference
0,1262,1
1,1263,2
2,1264,3
3,1265,4
4,1266,5
5,1267,6
6,1268,8
7,1269,9
8,1270,10
9,1271,11
10,1272,12
11,1273,13
12,1274,14
13,1275,15
14,1276,16
15,1277,17
16,1278,18
17,1279,19
18,1280,21
19,1281,22
20,1282,23
21,1283,24
22,1284,25
23,1285,26
24,1286,27
25,1287,28
26,1288,29
27,1289,30
28,1290,31
29,1291,32
30,1292,33
31,1293,34
32,1294,35
33,1295,36
34,1296,37
35,1297,38
36,1298,39
37,1299,40
38,1300,41
39,1301,42
40,1302,43
41,1303,44
42,1304,45
43,1305,46
44,1306,47
45,1307,48
46,1308,49
47,1309,50
48,1310,51
49,1311,52
50,1312,53
51,1313,54
52,1314,56
53,1315,57
54,1316,58
55,1317,59
56,1318,61
57,1319,62
58,1320,63
59,1321,64
60,1322,66
61,1323,67
62,1324,68
63,1325,69
64,1326,71
65,1327,72
66,1328,73
67,1329,74
68,1330,76
69,1331,77
70,1332,78
71,1333,79
72,1334,81
73,1335,82
74,1336,83
75,1337,84
76,1338,86
77,1339,87
78,1340,88
79,1341,90
80,1342,91
81,1343,93
82,1344,94
83,1345,95
84,1346,97
85,1347,98
86,1348,99
87,1349,101
88,1350,102
89,1351,103
90,1352,105
91,1353,106
92,1354,107
93,1355,109
94,1356,110
95,1357,112
96,1358,113
97,1359,114
98,1360,116
99,1361,117
100,1362,118
101,1363,119
102,1364,120
103,1365,122
104,1366,123
105,1367,124
106,1368,125
107,1369,126
108,1370,127
109,1371,129
110,1372,130
111,1373,131
112,1374,132
113,1375,133
114,1376,134
115,1377,136
116,1378,137
117,1379,138
118,1380,139
119,1381,140
120,1382,141
121,1383,143
122,1384,144
123,1385,145
124,1386,146
125,1387,147
126,1388,149
127,1389,150
128,1390,151
129,1391,153
130,1392,154
131,1393,155
132,1394,157
133,1395,158
134,1396,159
135,1397,161
136,1398,162
137,1399,163
138,1400,164
139,1401,166
140,1402,167
141,1403,168
142,1404,170
143,1405,171
144,1406,172
145,1407,174
146,1408,175
147,1409,176
148,1410,178
149,1411,179
150,1412,180
151,1413,181
152,1414,183
153,1415,184
154,1416,185
155,1417,186
156,1418,188
157,1419,189
158,1420,190
159,1421,191
160,1422,193
161,1423,194
162,1424,195
163,1425,196
164,1426,198
165,1427,199
166,1428,200
167,1429,201
168,1430,203
169,1431,204
170,1432,205
171,1433,206
172,1434,208
173,1435,209
174,1436,210
175,1437,211
176,1438,213
177,1439,214
178,1440,215
179,1441,216
180,1442,218
181,1443,219
182,1444,220
183,1445,222
184,1446,223
185,1447,224
186,1448,225
187,1449,227
188,1450,228
189,1451,229
190,1452,230
191,1453,232
192,1454,233
193,1455,234
194,1456,236
195,1457,237
196,1458,238
197,1459,239
198,1460,241
199,1461,242
200,1462,243
201,1463,244
202,1464,246
203,1465,247
204,1466,248
205,1467,249
206,1468,251
207,1469,252
208,1470,253
209,1471,254
210,1472,256
211,1473,257
212,1474,258
213,1475,259
214,1476,261
215,1477,262
216,1478,263
217,1479,264
218,1480,266
219,1481,267
220,1482,268
221,1483,269
222,1484,271
223,1485,272
224,1486,273
225,1487,274
226,1488,274
227,1489,275
228,1490,276
229,1491,276
230,1492,277
231,1493,278
232,1494,278
233,1495,279
234,1496,280
235,1497,280
236,1498,281
237,1499,282
238,1500,283
239,1501,283
240,1502,284
241,1503,285
242,1504,285
243,1505,286
244,1506,287
245,1507,287
246,1508,288
247,1509,289
248,1510,289
249,1511,290
250,1512,291
251,1513,292
252,1514,293
253,1515,294
254,1516,296
255,1517,297
256,1518,298
257,1519,299
258,1520,300
259,1521,301
260,1522,302
261,1523,303
262,1524,305
263,1525,306
264,1526,307
265,1527,308
266,1528,309
267,1529,310
268,1530,311
269,1531,312
270,1532,314
271,1533,315
272,1534,316
273,1535,317
274,1536,318
275,1537,319
276,1538,320
277,1539,321
278,1540,322
279,1541,323
280,1542,324
281,1543,325
282,1544,326
283,1545,327
284,1546,328
285,1547,329
286,1548,330
287,1549,330
288,1550,331
289,1551,332
290,1552,333
291,1553,334
292,1554,335
293,1555,336
294,1556,337
295,1557,338
296,1558,339
297,1559,340
298,1560,341
299,1561,342
300,1562,343
301,1563,344
302,1564,344
303,1565,345
304,1566,346
305,1567,347
306,1568,348
307,1569,348
308,1570,349
309,1571,350
310,1572,351
311,1573,352
312,1574,352
313,1575,353
314,1576,354
315,1577,355
316,1578,356
317,1579,356
318,1580,357
319,1581,358
320,1582,359
321,1583,360
322,1584,360
323,1585,361
324,1586,362
325,1587,363
326,1588,364
327,1589,365
328,1590,366
329,1591,367
330,1592,368
331,1593,370
332,1594,371
333,1595,372
334,1596,373
335,1597,374
336,1598,375
337,1599,376
338,1600,377
339,1601,378
340,1602,379
341,1603,380
342,1604,381
343,1605,383
344,1606,384
345,1607,385
346,1608,386
347,1609,387
348,1610,388
349,1611,389
350,1612,390
351,1613,391
352,1614,392
353,1615,393
354,1616,394
355,1617,395
356,1618,396
357,1619,397
358,1620,398
359,1621,399
360,1622,400
361,1623,401
362,1624,403
363,1625,404
364,1626,405
365,1627,406
366,1628,407
367,1629,408
368,1630,409
369,1631,410
370,1632,411
371,1633,412
372,1634,413
373,1635,414
374,1636,415
375,1637,416
376,1638,417
377,1639,418
378,1640,419
379,1641,419
380,1642,420
381,1643,421
382,1644,422
383,1645,423
384,1646,424
385,1647,425
386,1648,426
387,1649,426
388,1650,427
389,1651,428
390,1652,429
391,1653,430
392,1654,431
393,1655,432
394,1656,433
395,1657,433
396,1658,434
397,1659,435
398,1660,436
399,1661,437
400,1662,438
401,1663,439
402,1664,440
403,1665,441
404,1666,442
405,1667,443
406,1668,443
407,1669,444
408,1670,445
409,1671,446
410,1672,447
411,1673,448
412,1674,449
413,1675,450
414,1676,451
415,1677,452
416,1678,453
417,1679,454
418,1680,454
419,1681,455
420,1682,456
421,1683,457
422,1684,458
423,1685,459
424,1686,460
425,1687,461
426,1688,462
427,1689,463
428,1690,463
429,1691,464
430,1692,465
431,1693,466
432,1694,467
433,1695,468
434,1696,468
435,1697,469
436,1698,470
437,1699,471
438,1700,472
439,1701,473
440,1702,473
441,1703,474
442,1704,475
443,1705,476
444,1706,477
445,1707,478
446,1708,478
447,1709,479
448,1710,480
449,1711,481
450,1712,482
451,1713,483
452,1714,484
453,1715,485
454,1716,486
455,1717,487
456,1718,488
457,1719,489
458,1720,489
459,1721,490
460,1722,491
461,1723,492
462,1724,493
463,1725,494
464,1726,495
465,1727,496
466,1728,497
467,1729,498
468,1730,499
469,1731,500
470,1732,501
471,1733,502
472,1734,503
473,1735,504
474,1736,505
475,1737,505
476,1738,506
477,1739,507
478,1740,508
479,1741,509
480,1742,510
481,1743,511
482,1744,512
483,1745,513
484,1746,514
485,1747,515
486,1748,516
487,1749,517
488,1750,518
489,1751,519
490,1752,520
491,1753,520
492,1754,521
493,1755,522
494,1756,523
495,1757,524
496,1758,525
497,1759,526
498,1760,527
499,1761,528
500,1762,529
501,1763,530
502,1764,531
503,1765,532
504,1766,533
505,1767,534
506,1768,534
507,1769,535
508,1770,536
509,1771,537
510,1772,538
511,1773,539
512,1774,540
513,1775,541
514,1776,542
515,1777,543
516,1778,544
517,1779,545
518,1780,545
519,1781,546
520,1782,547
521,1783,548
522,1784,549
523,1785,550
524,1786,551
525,1787,552
526,1788,553
527,1789,554
528,1790,555
529,1791,556
530,1792,557
531,1793,557
532,1794,558
533,1795,559
534,1796,560
535,1797,561
536,1798,562
537,1799,563
538,1800,564
539,1801,565
540,1802,566
541,1803,567
542,1804,568
543,1805,568
544,1806,569
545,1807,570
546,1808,571
547,1809,572
548,1810,573
549,1811,574
550,1812,575
551,1813,576
552,1814,577
553,1815,578
554,1816,579
555,1817,580
556,1818,582
557,1819,583
558,1820,584
559,1821,585
560,1822,586
561,1823,587
562,1824,588
563,1825,589
564,1826,590
565,1827,591
566,1828,592
567,1829,593
568,1830,595
569,1831,596
570,1832,597
571,1833,598
572,1834,599
573,1835,600
574,1836,601
575,1837,602
576,1838,603
577,1839,604
578,1840,605
579,1841,606
580,1842,607
581,1843,609
582,1844,610
583,1845,611
584,1846,612
585,1847,613
586,1848,614
587,1849,615
588,1850,616
589,1851,617
590,1852,618
591,1853,619
592,1854,620
593,1855,622
594,1856,623
595,1857,624
596,1858,625
597,1859,626
598,1860,627
599,1861,628
600,1862,629
601,1863,630
602,1864,631
603,1865,632
604,1866,633
605,1867,634
606,1868,635
607,1869,636
608,1870,637
609,1871,638
610,1872,639
611,1873,640
612,1874,641
613,1875,642
614,1876,643
615,1877,644
616,1878,645
617,1879,646
618,1880,647
619,1881,648
620,1882,649
621,1883,650
622,1884,651
623,1885,652
624,1886,653
625,1887,654
626,1888,655
627,1889,656
628,1890,657
629,1891,658
630,1892,659
631,1893,660
632,1894,661
633,1895,662
634,1896,663
635,1897,664
636,1898,665
637,1899,666
638,1900,667
639,1901,668
640,1902,669
641,1903,670
642,1904,671
643,1905,672
644,1906,673
645,1907,674
646,1908,675
647,1909,676
648,1910,677
649,1911,678
650,1912,679
651,1913,680
652,1914,681
653,1915,682
654,1916,683
655,1917,684
656,1918,685
657,1919,686
658,1920,687
659,1921,688
660,1922,689
661,1923,690
662,1924,691
663,1925,692
664,1926,693
665,1927,694
666,1928,695
667,1929,696
668,1930,697
669,1931,698
670,1932,699
671,1933,700
672,1934,701
673,1935,702
674,1936,703
675,1937,704
676,1938,705
677,1939,706
678,1940,707
679,1941,708
680,1942,709
681,1943,710
682,1944,711
683,1945,712
684,1946,713
685,1947,714
686,1948,715
687,1949,716
688,1950,717
689,1951,718
690,1952,719
691,1953,720
692,1954,721
693,1955,722
694,1956,723
695,1957,724
696,1958,725
697,1959,726
698,1960,727
699,1961,728
700,1962,729
701,1963,730
702,1964,731
703,1965,732
704,1966,733
705,1967,734
706,1968,735
707,1969,736
708,1970,736
709,1971,737
710,1972,738
711,1973,739
712,1974,740
713,1975,741
714,1976,742
715,1977,743
716,1978,744
717,1979,745
718,1980,746
719,1981,747
720,1982,748
721,1983,749
722,1984,750
723,1985,751
724,1986,752
725,1987,752
726,1988,753
727,1989,754
728,1990,755
729,1991,756
730,1992,757
731,1993,758
732,1994,759
733,1995,760
734,1996,761
735,1997,762
736,1998,763
737,1999,764
738,2000,765
739,2001,766
740,2002,767
741,2003,767
742,2004,768
743,2005,769
744,2006,770
745,2007,771
746,2008,772
747,2009,773
748,2010,774
749,2011,775
750,2012,776
751,2013,776
752,2014,777
753,2015,778
754,2016,779
755,2017,779
756,2018,780
757,2019,781
758,2020,782
759,2021,782
760,2022,783
761,2023,784
762,2024,785
763,2025,785
764,2026,786
765,2027,787
766,2028,788
767,2029,788
768,2030,789
769,2031,790
770,2032,791
771,2033,791
772,2034,792
773,2035,793
774,2036,794
775,2037,794
776,2038,795
777,2039,796
778,2040,796
779,2041,797
780,2042,798
781,2043,799
782,2044,799
783,2045,800
784,2046,801
785,2047,802
786,2048,802
787,2049,803
788,2050,804
789,2051,805
790,2052,805
791,2053,806
792,2054,807
793,2055,808
794,2056,808
795,2057,809
796,2058,810
797,2059,811
798,2060,811
799,2061,812
800,2062,813
801,2063,813
802,2064,814
803,2065,814
804,2066,815
805,2067,816
806,2068,816
807,2069,817
808,2070,817
809,2071,818
810,2072,819
811,2073,819
812,2074,820
813,2075,820
814,2076,821
815,2077,822
816,2078,822
817,2079,823
818,2080,823
819,2081,824
820,2082,825
821,2083,825
822,2084,826
823,2085,826
824,2086,827
825,2087,828
826,2088,828
827,2089,829
828,2090,830
829,2091,830
830,2092,831
831,2093,832
832,2094,832
833,2095,833
834,2096,834
835,2097,834
836,2098,835
837,2099,836
838,2100,837
839,2101,837
840,2102,838
841,2103,839
842,2104,839
843,2105,840
844,2106,841
845,2107,841
846,2108,842
847,2109,843
848,2110,843
849,2111,844
850,2112,845
851,2113,846
852,2114,846
853,2115,847
854,2116,848
855,2117,849
856,2118,849
857,2119,850
858,2120,851
859,2121,852
860,2122,852
861,2123,853
862,2124,854
863,2125,855
864,2126,855
865,2127,856
866,2128,857
867,2129,858
868,2130,858
869,2131,859
870,2132,860
871,2133,861
872,2134,861
873,2135,862
874,2136,863
875,2137,864
876,2138,865
877,2139,865
878,2140,866
879,2141,867
880,2142,868
881,2143,868
882,2144,869
883,2145,870
884,2146,871
885,2147,871
886,2148,872
887,2149,873
888,2150,874
889,2151,874
890,2152,875
891,2153,876
892,2154,877
893,2155,877
894,2156,878
895,2157,879
896,2158,880
897,2159,880
898,2160,881
899,2161,882
900,2162,883
901,2163,883
902,2164,884
903,2165,885
904,2166,886
905,2167,886
906,2168,887
907,2169,888
908,2170,888
909,2171,889
910,2172,890
911,2173,890
912,2174,891
913,2175,892
914,2176,893
915,2177,893
916,2178,894
917,2179,895
918,2180,895
919,2181,896
920,2182,897
921,2183,897
922,2184,898
923,2185,899
924,2186,900
925,2187,900
926,2188,901
927,2189,902
928,2190,902
929,2191,903
930,2192,904
931,2193,904
932,2194,905
933,2195,906
934,2196,907
935,2197,907
936,2198,908
937,2199,909
938,2200,909
939,2201,910
940,2202,911
941,2203,911
942,2204,912
943,2205,913
944,2206,914
945,2207,914
946,2208,915
947,2209,916
948,2210,916
949,2211,917
950,2212,918
951,2213,918
952,2214,919
953,2215,920
954,2216,921
955,2217,921
956,2218,922
957,2219,923
958,2220,923
959,2221,924
960,2222,925
961,2223,925
962,2224,926
963,2225,927
964,2226,928
965,2227,928
966,2228,929
967,2229,930
968,2230,930
969,2231,931
970,2232,932
971,2233,932
972,2234,933
973,2235,934
974,2236,935
975,2237,935
976,2238,936
977,2239,937
978,2240,937
979,2241,938
980,2242,939
981,2243,939
982,2244,940
983,2245,941
984,2246,942
985,2247,942
986,2248,943
987,2249,944
988,2250,944
989,2251,945
990,2252,946
991,2253,946
992,2254,947
993,2255,948
994,2256,949
995,2257,949
996,2258,950
997,2259,951
998,2260,951
999,2261,952
1000,2262,953
1001,2263,954
1002,2264,955
1003,2265,955
1004,2266,956
1005,2267,957
1006,2268,958
1007,2269,959
1008,2270,960
1009,2271,961
1010,2272,961
1011,2273,962
1012,2274,963
1013,2275,964
1014,2276,965
1015,2277,966
1016,2278,967
1017,2279,967
1018,2280,968
1019,2281,969
1020,2282,970
1021,2283,971
1022,2284,972
1023,2285,973
1024,2286,974
1025,2287,974
1026,2288,975
1027,2289,976
1028,2290,977
1029,2291,978
1030,2292,979
1031,2293,980
1032,2294,980
1033,2295,981
1034,2296,982
1035,2297,983
1036,2298,984
1037,2299,985
1038,2300,986
1039,2301,986
1040,2302,987
1041,2303,988
1042,2304,989
1043,2305,990
1044,2306,991
1045,2307,992
1046,2308,992
1047,2309,993
1048,2310,994
1049,2311,995
1050,2312,996
1051,2313,997
1052,2314,998
1053,2315,999
1054,2316,1000
1055,2317,1001
1056,2318,1002
1057,2319,1003
1058,2320,1004
1059,2321,1005
1060,2322,1006
1061,2323,1007
1062,2324,1008
1063,2325,1009
1064,2326,1010
1065,2327,1011
1066,2328,1012
1067,2329,1013
1068,2330,1014
1069,2331,1015
1070,2332,1016
1071,2333,1017
1072,2334,1018
1073,2335,1019
1074,2336,1020
1075,2337,1021
1076,2338,1022
1077,2339,1023
1078,2340,1024
1079,2341,1025
1080,2342,1026
1081,2343,1027
1082,2344,1028
1083,2345,1029
1084,2346,1030
1085,2347,1031
1086,2348,1032
1087,2349,1033
1088,2350,1034
1089,2351,1035
1090,2352,1036
1091,2353,1037
1092,2354,1038
1093,2355,1039
1094,2356,1040
1095,2357,1041
1096,2358,1042
1097,2359,1043
1098,2360,1044
1099,2361,1045
1100,2362,1046
1101,2363,1047
1102,2364,1048
1103,2365,1049
1104,2366,1050
1105,2367,1051
1106,2368,1052
1107,2369,1053
1108,2370,1054
1109,2371,1055
1110,2372,1056
1111,2373,1057
1112,2374,1057
1113,2375,1058
1114,2376,1059
1115,2377,1060
1116,2378,1061
1117,2379,1062
1118,2380,1063
1119,2381,1064
1120,2382,1065
1121,2383,1066
1122,2384,1067
1123,2385,1068
1124,2386,1069
1125,2387,1070
1126,2388,1070
1127,2389,1071
1128,2390,1072
1129,2391,1072
1130,2392,1073
1131,2393,1074
1132,2394,1074
1133,2395,1075
1134,2396,1076
1135,2397,1076
1136,2398,1077
1137,2399,1078
1138,2400,1079
1139,2401,1079
1140,2402,1080
1141,2403,1081
1142,2404,1081
1143,2405,1082
1144,2406,1083
1145,2407,1083
1146,2408,1084
1147,2409,1085
1148,2410,1085
1149,2411,1086
1150,2412,1087
1151,2413,1088
1152,2414,1089
1153,2415,1090
1154,2416,1091
1155,2417,1092
1156,2418,1093
1157,2419,1094
1158,2420,1095
1159,2421,1096
1160,2422,1097
1161,2423,1098
1162,2424,1098
1163,2425,1099
1164,2426,1100
1165,2427,1101
1166,2428,1102
1167,2429,1103
1168,2430,1104
1169,2431,1105
1170,2432,1106
1171,2433,1107
1172,2434,1108
1173,2435,1109
1174,2436,1110
1175,2437,1111
1176,2438,1112
1177,2439,1113
1178,2440,1114
1179,2441,1115
1180,2442,1116
1181,2443,1117
1182,2444,1118
1183,2445,1119
1184,2446,1120
1185,2447,1121
1186,2448,1122
1187,2449,1122
1188,2450,1123
1189,2451,1124
1190,2452,1125
1191,2453,1126
1192,2454,1127
1193,2455,1128
1194,2456,1129
1195,2457,1130
1196,2458,1131
1197,2459,1132
1198,2460,1133
1199,2461,1134
1200,2462,1135
1201,2463,1136
1202,2464,1137
1203,2465,1139
1204,2466,1140
1205,2467,1141
1206,2468,1142
1207,2469,1143
1208,2470,1144
1209,2471,1146
1210,2472,1147
1211,2473,1148
1212,2474,1149
1213,2475,1150
1214,2476,1151
1215,2477,1153
1216,2478,1154
1217,2479,1155
1218,2480,1156
1219,2481,1157
1220,2482,1158
1221,2483,1160
1222,2484,1161
1223,2485,1162
1224,2486,1163
1225,2487,1164
1226,2488,1165
1227,2489,1166
1228,2490,1168
1229,2491,1169
1230,2492,1170
1231,2493,1171
1232,2494,1172
1233,2495,1173
1234,2496,1175
1235,2497,1176
1236,2498,1177
1237,2499,1178
1238,2500,1179
1239,2501,1180
1240,2502,1182
1241,2503,1183
1242,2504,1184
1243,2505,1185
1244,2506,1186
1245,2507,1187
1246,2508,1189
1247,2509,1190
1248,2510,1191
1249,2511,1192
1250,2512,1193
1251,2513,1194
1252,2514,1195
1253,2515,1196
1254,2516,1197
1255,2517,1198
1256,2518,1199
1257,2519,1200
1258,2520,1201
1259,2521,1202
1260,2522,1203
1261,2523,1204
1262,2524,1204
1263,2525,1205
1264,2526,1206
1265,2527,1207
1266,2528,1208
1267,2529,1209
1268,2530,1210
1269,2531,1211
1270,2532,1212
1271,2533,1213
1272,2534,1214
1273,2535,1215
1274,2536,1216
1275,2537,1217
1276,2538,1218
1277,2539,1219
1278,2540,1220
1279,2541,1221
1280,2542,1222
1281,2543,1223
1282,2544,1224
1283,2545,1225
1284,2546,1226
1285,2547,1227
1286,2548,1228
1287,2549,1230
1288,2550,1231
1289,2551,1232
1290,2552,1233
1291,2553,1234
1292,2554,1235
1293,2555,1236
1294,2556,1237
1295,2557,1238
1296,2558,1239
1297,2559,1240
1298,2560,1241
1299,2561,1242
1300,2562,1243
1301,2563,1244
1302,2564,1246
1303,2565,1247
1304,2566,1248
1305,2567,1249
1306,2568,1250
1307,2569,1252
1308,2570,1253
1309,2571,1254
1310,2572,1255
1311,2573,1256
1312,2574,1257
1313,2575,1259
1314,2576,1260
1315,2577,1261
